{
  "oof_avg_f1": 0.6785521357905444,
  "oof_binary_f1": 0.9360093077370564,
  "oof_macro_f1": 0.42109496384403233,
  "best_avg_f1_scores_per_fold": [
    0.6991445729367536,
    0.661980109162173,
    0.6572646728330291,
    0.6847161923466714,
    0.6835827917642137
  ],
  "mean_cv_avg_f1": 0.6773376678085682,
  "std_cv_avg_f1": 0.015541975702695781
}